"","sp","group","algorithm","weighted","modularity","number_of_groups","d_cutoff","seed"
"1","AEGINO","1","louvain",TRUE,0.072357017105009,4,10,0
"2","AIPHER","2","louvain",TRUE,0.072357017105009,4,10,0
"3","ALCH01","2","louvain",TRUE,0.072357017105009,4,10,0
"4","ALCHCO","3","louvain",TRUE,0.072357017105009,4,10,0
"5","ALCHTR","2","louvain",TRUE,0.072357017105009,4,10,0
"6","ALLOEX","4","louvain",TRUE,0.072357017105009,4,10,0
"7","ALLOSC","4","louvain",TRUE,0.072357017105009,4,10,0
"8","ALSOEN","3","louvain",TRUE,0.072357017105009,4,10,0
"9","ALSOER","4","louvain",TRUE,0.072357017105009,4,10,0
"10","ANIBME","2","louvain",TRUE,0.072357017105009,4,10,0
"11","ANIBPA","2","louvain",TRUE,0.072357017105009,4,10,0
"12","ANIBPU","2","louvain",TRUE,0.072357017105009,4,10,0
"13","BANAGU","1","louvain",TRUE,0.072357017105009,4,10,0
"14","BATHOB","2","louvain",TRUE,0.072357017105009,4,10,0
"15","BEILAL","2","louvain",TRUE,0.072357017105009,4,10,0
"16","BESLSO","2","louvain",TRUE,0.072357017105009,4,10,0
"17","BILLRO","2","louvain",TRUE,0.072357017105009,4,10,0
"18","BLAK01","1","louvain",TRUE,0.072357017105009,4,10,0
"19","BLAKER","2","louvain",TRUE,0.072357017105009,4,10,0
"20","BRUN01","3","louvain",TRUE,0.072357017105009,4,10,0
"21","BUNC01","3","louvain",TRUE,0.072357017105009,4,10,0
"22","CALACO","2","louvain",TRUE,0.072357017105009,4,10,0
"23","CARAGU","2","louvain",TRUE,0.072357017105009,4,10,0
"24","CARIMI","1","louvain",TRUE,0.072357017105009,4,10,0
"25","CASEZA","3","louvain",TRUE,0.072357017105009,4,10,0
"26","CECRAN","2","louvain",TRUE,0.072357017105009,4,10,0
"27","CECRBU","3","louvain",TRUE,0.072357017105009,4,10,0
"28","CECRMO","1","louvain",TRUE,0.072357017105009,4,10,0
"29","CEDR01","2","louvain",TRUE,0.072357017105009,4,10,0
"30","CEIBRH","1","louvain",TRUE,0.072357017105009,4,10,0
"31","CENTRU","3","louvain",TRUE,0.072357017105009,4,10,0
"32","CEST03","3","louvain",TRUE,0.072357017105009,4,10,0
"33","CESTME","4","louvain",TRUE,0.072357017105009,4,10,0
"34","CESTOC","3","louvain",TRUE,0.072357017105009,4,10,0
"35","CHAMLI","3","louvain",TRUE,0.072357017105009,4,10,0
"36","CHAMPI","3","louvain",TRUE,0.072357017105009,4,10,0
"37","CHRY01","4","louvain",TRUE,0.072357017105009,4,10,0
"38","CLAVLA","4","louvain",TRUE,0.072357017105009,4,10,0
"39","CLUS01","2","louvain",TRUE,0.072357017105009,4,10,0
"40","CONOAP","4","louvain",TRUE,0.072357017105009,4,10,0
"41","CORDCM","3","louvain",TRUE,0.072357017105009,4,10,0
"42","CORDCY","1","louvain",TRUE,0.072357017105009,4,10,0
"43","COUEPL","2","louvain",TRUE,0.072357017105009,4,10,0
"44","CRITOC","3","louvain",TRUE,0.072357017105009,4,10,0
"45","CUPA01","2","louvain",TRUE,0.072357017105009,4,10,0
"46","CYAT05","3","louvain",TRUE,0.072357017105009,4,10,0
"47","CYATCA","2","louvain",TRUE,0.072357017105009,4,10,0
"48","CYATHA","3","louvain",TRUE,0.072357017105009,4,10,0
"49","CYATPL","2","louvain",TRUE,0.072357017105009,4,10,0
"50","CYATUL","2","louvain",TRUE,0.072357017105009,4,10,0
"51","CYBISP","2","louvain",TRUE,0.072357017105009,4,10,0
"52","CYPHHA","1","louvain",TRUE,0.072357017105009,4,10,0
"53","DAPHAN","1","louvain",TRUE,0.072357017105009,4,10,0
"54","DICKSE","2","louvain",TRUE,0.072357017105009,4,10,0
"55","DUSSLE","1","louvain",TRUE,0.072357017105009,4,10,0
"56","ELAEUT","3","louvain",TRUE,0.072357017105009,4,10,0
"57","ERYT01","3","louvain",TRUE,0.072357017105009,4,10,0
"58","ESCHCA","2","louvain",TRUE,0.072357017105009,4,10,0
"59","EUGE02","2","louvain",TRUE,0.072357017105009,4,10,0
"60","EUGEAN","3","louvain",TRUE,0.072357017105009,4,10,0
"61","FARA04","2","louvain",TRUE,0.072357017105009,4,10,0
"62","FARA05","2","louvain",TRUE,0.072357017105009,4,10,0
"63","FARACA","2","louvain",TRUE,0.072357017105009,4,10,0
"64","FARACO","2","louvain",TRUE,0.072357017105009,4,10,0
"65","FARAOB","3","louvain",TRUE,0.072357017105009,4,10,0
"66","FICU01","2","louvain",TRUE,0.072357017105009,4,10,0
"67","FICU05","4","louvain",TRUE,0.072357017105009,4,10,0
"68","FICUAN","2","louvain",TRUE,0.072357017105009,4,10,0
"69","FICUAP","1","louvain",TRUE,0.072357017105009,4,10,0
"70","FICUCA","3","louvain",TRUE,0.072357017105009,4,10,0
"71","FICUCE","3","louvain",TRUE,0.072357017105009,4,10,0
"72","FICUCU","3","louvain",TRUE,0.072357017105009,4,10,0
"73","FICUSU","3","louvain",TRUE,0.072357017105009,4,10,0
"74","FUCHMA","1","louvain",TRUE,0.072357017105009,4,10,0
"75","GEISBO","4","louvain",TRUE,0.072357017105009,4,10,0
"76","GEISOC","2","louvain",TRUE,0.072357017105009,4,10,0
"77","GEONUN","2","louvain",TRUE,0.072357017105009,4,10,0
"78","GRAFCU","1","louvain",TRUE,0.072357017105009,4,10,0
"79","GUARGL","1","louvain",TRUE,0.072357017105009,4,10,0
"80","GUATCH","2","louvain",TRUE,0.072357017105009,4,10,0
"81","GYMNGE","3","louvain",TRUE,0.072357017105009,4,10,0
"82","HENRRA","2","louvain",TRUE,0.072357017105009,4,10,0
"83","HYEROB","2","louvain",TRUE,0.072357017105009,4,10,0
"84","ILEXYU","4","louvain",TRUE,0.072357017105009,4,10,0
"85","INGA01","1","louvain",TRUE,0.072357017105009,4,10,0
"86","INGA04","3","louvain",TRUE,0.072357017105009,4,10,0
"87","INGARU","2","louvain",TRUE,0.072357017105009,4,10,0
"88","INGAVI","2","louvain",TRUE,0.072357017105009,4,10,0
"89","LADEMA","2","louvain",TRUE,0.072357017105009,4,10,0
"90","LAETPR","3","louvain",TRUE,0.072357017105009,4,10,0
"91","LICAVE","2","louvain",TRUE,0.072357017105009,4,10,0
"92","MACRCO","2","louvain",TRUE,0.072357017105009,4,10,0
"93","MATA01","4","louvain",TRUE,0.072357017105009,4,10,0
"94","MATIBO","3","louvain",TRUE,0.072357017105009,4,10,0
"95","MELI01","2","louvain",TRUE,0.072357017105009,4,10,0
"96","MERI01","2","louvain",TRUE,0.072357017105009,4,10,0
"97","MERIHE","4","louvain",TRUE,0.072357017105009,4,10,0
"98","MERIMA","3","louvain",TRUE,0.072357017105009,4,10,0
"99","MERITO","3","louvain",TRUE,0.072357017105009,4,10,0
"100","MICO05","2","louvain",TRUE,0.072357017105009,4,10,0
"101","MICO08","2","louvain",TRUE,0.072357017105009,4,10,0
"102","MICOAF","3","louvain",TRUE,0.072357017105009,4,10,0
"103","MICOBE","3","louvain",TRUE,0.072357017105009,4,10,0
"104","MICOLA","3","louvain",TRUE,0.072357017105009,4,10,0
"105","MICOLN","1","louvain",TRUE,0.072357017105009,4,10,0
"106","MICOLO","2","louvain",TRUE,0.072357017105009,4,10,0
"107","MICOMI","3","louvain",TRUE,0.072357017105009,4,10,0
"108","MICOTH","3","louvain",TRUE,0.072357017105009,4,10,0
"109","MORUIN","3","louvain",TRUE,0.072357017105009,4,10,0
"110","MYRC03","2","louvain",TRUE,0.072357017105009,4,10,0
"111","MYRCFA","2","louvain",TRUE,0.072357017105009,4,10,0
"112","MYRCMO","2","louvain",TRUE,0.072357017105009,4,10,0
"113","MYRCMU","2","louvain",TRUE,0.072357017105009,4,10,0
"114","MYRCRO","3","louvain",TRUE,0.072357017105009,4,10,0
"115","NAUCNA","3","louvain",TRUE,0.072357017105009,4,10,0
"116","NECT01","2","louvain",TRUE,0.072357017105009,4,10,0
"117","NECTLI","2","louvain",TRUE,0.072357017105009,4,10,0
"118","OCOT02","2","louvain",TRUE,0.072357017105009,4,10,0
"119","OCOT03","3","louvain",TRUE,0.072357017105009,4,10,0
"120","OCOT04","2","louvain",TRUE,0.072357017105009,4,10,0
"121","OCOT05","3","louvain",TRUE,0.072357017105009,4,10,0
"122","OCOT07","2","louvain",TRUE,0.072357017105009,4,10,0
"123","OCOTCA","2","louvain",TRUE,0.072357017105009,4,10,0
"124","OCOTFL","2","louvain",TRUE,0.072357017105009,4,10,0
"125","OCOTHI","3","louvain",TRUE,0.072357017105009,4,10,0
"126","OREO01","3","louvain",TRUE,0.072357017105009,4,10,0
"127","OSSA02","4","louvain",TRUE,0.072357017105009,4,10,0
"128","OTOBLE","3","louvain",TRUE,0.072357017105009,4,10,0
"129","PACHPA","4","louvain",TRUE,0.072357017105009,4,10,0
"130","PALI04","4","louvain",TRUE,0.072357017105009,4,10,0
"131","PALIDE","4","louvain",TRUE,0.072357017105009,4,10,0
"132","PALIGA","3","louvain",TRUE,0.072357017105009,4,10,0
"133","PALIGI","3","louvain",TRUE,0.072357017105009,4,10,0
"134","PALIST","2","louvain",TRUE,0.072357017105009,4,10,0
"135","PALITA","4","louvain",TRUE,0.072357017105009,4,10,0
"136","PALSTI","3","louvain",TRUE,0.072357017105009,4,10,0
"137","PANOSU","2","louvain",TRUE,0.072357017105009,4,10,0
"138","PASS01","4","louvain",TRUE,0.072357017105009,4,10,0
"139","PIPE01","2","louvain",TRUE,0.072357017105009,4,10,0
"140","PIPE04","4","louvain",TRUE,0.072357017105009,4,10,0
"141","PIPEIM","4","louvain",TRUE,0.072357017105009,4,10,0
"142","PIPELO","3","louvain",TRUE,0.072357017105009,4,10,0
"143","PLEU01","2","louvain",TRUE,0.072357017105009,4,10,0
"144","POURBI","2","louvain",TRUE,0.072357017105009,4,10,0
"145","POUT01","2","louvain",TRUE,0.072357017105009,4,10,0
"146","PRESAC","2","louvain",TRUE,0.072357017105009,4,10,0
"147","PRUNRE","2","louvain",TRUE,0.072357017105009,4,10,0
"148","PSOQCO","2","louvain",TRUE,0.072357017105009,4,10,0
"149","PSYCAL","3","louvain",TRUE,0.072357017105009,4,10,0
"150","PSYCAU","2","louvain",TRUE,0.072357017105009,4,10,0
"151","PSYCRU","4","louvain",TRUE,0.072357017105009,4,10,0
"152","PSYCSA","4","louvain",TRUE,0.072357017105009,4,10,0
"153","PSYCSL","4","louvain",TRUE,0.072357017105009,4,10,0
"154","PSYDOO","3","louvain",TRUE,0.072357017105009,4,10,0
"155","RHOD02","2","louvain",TRUE,0.072357017105009,4,10,0
"156","RONDRE","4","louvain",TRUE,0.072357017105009,4,10,0
"157","RUAGGL","3","louvain",TRUE,0.072357017105009,4,10,0
"158","SALAGI","3","louvain",TRUE,0.072357017105009,4,10,0
"159","SAPIST","1","louvain",TRUE,0.072357017105009,4,10,0
"160","SAURMI","4","louvain",TRUE,0.072357017105009,4,10,0
"161","SAURPA","4","louvain",TRUE,0.072357017105009,4,10,0
"162","SCHE02","1","louvain",TRUE,0.072357017105009,4,10,0
"163","SCHELA","4","louvain",TRUE,0.072357017105009,4,10,0
"164","SCHESP","4","louvain",TRUE,0.072357017105009,4,10,0
"165","SIPA02","1","louvain",TRUE,0.072357017105009,4,10,0
"166","SIPASU","2","louvain",TRUE,0.072357017105009,4,10,0
"167","SLOA01","2","louvain",TRUE,0.072357017105009,4,10,0
"168","SOLADE","1","louvain",TRUE,0.072357017105009,4,10,0
"169","SOLALE","3","louvain",TRUE,0.072357017105009,4,10,0
"170","SOLANU","3","louvain",TRUE,0.072357017105009,4,10,0
"171","STEPAN","2","louvain",TRUE,0.072357017105009,4,10,0
"172","STIRGU","2","louvain",TRUE,0.072357017105009,4,10,0
"173","SYMPHI","2","louvain",TRUE,0.072357017105009,4,10,0
"174","TABEPA","1","louvain",TRUE,0.072357017105009,4,10,0
"175","TETRMA","3","louvain",TRUE,0.072357017105009,4,10,0
"176","TOPOPI","1","louvain",TRUE,0.072357017105009,4,10,0
"177","TOURGI","3","louvain",TRUE,0.072357017105009,4,10,0
"178","TRIC01","2","louvain",TRUE,0.072357017105009,4,10,0
"179","UNIDEN","2","louvain",TRUE,0.072357017105009,4,10,0
"180","VISM01","1","louvain",TRUE,0.072357017105009,4,10,0
"181","WEIN01","2","louvain",TRUE,0.072357017105009,4,10,0
"182","WETTKA","4","louvain",TRUE,0.072357017105009,4,10,0
"183","XANT01","4","louvain",TRUE,0.072357017105009,4,10,0
"184","ACAL01","1","louvain",TRUE,0.0806491217481688,3,20,0
"185","ACALDI","1","louvain",TRUE,0.0806491217481688,3,20,0
"186","ACALPL","1","louvain",TRUE,0.0806491217481688,3,20,0
"187","AEGINO","2","louvain",TRUE,0.0806491217481688,3,20,0
"188","AIPHER","3","louvain",TRUE,0.0806491217481688,3,20,0
"189","ALCH01","3","louvain",TRUE,0.0806491217481688,3,20,0
"190","ALCHCO","3","louvain",TRUE,0.0806491217481688,3,20,0
"191","ALCHTR","3","louvain",TRUE,0.0806491217481688,3,20,0
"192","ALLOEX","1","louvain",TRUE,0.0806491217481688,3,20,0
"193","ALLOSC","2","louvain",TRUE,0.0806491217481688,3,20,0
"194","ALSOEN","2","louvain",TRUE,0.0806491217481688,3,20,0
"195","ALSOER","1","louvain",TRUE,0.0806491217481688,3,20,0
"196","ANIBME","3","louvain",TRUE,0.0806491217481688,3,20,0
"197","ANIBPA","3","louvain",TRUE,0.0806491217481688,3,20,0
"198","ANIBPU","3","louvain",TRUE,0.0806491217481688,3,20,0
"199","AXINSO","3","louvain",TRUE,0.0806491217481688,3,20,0
"200","BANAGU","2","louvain",TRUE,0.0806491217481688,3,20,0
"201","BATHOB","3","louvain",TRUE,0.0806491217481688,3,20,0
"202","BEILAL","3","louvain",TRUE,0.0806491217481688,3,20,0
"203","BESL01","1","louvain",TRUE,0.0806491217481688,3,20,0
"204","BESLSO","3","louvain",TRUE,0.0806491217481688,3,20,0
"205","BILLRO","3","louvain",TRUE,0.0806491217481688,3,20,0
"206","BLAK01","2","louvain",TRUE,0.0806491217481688,3,20,0
"207","BLAKER","3","louvain",TRUE,0.0806491217481688,3,20,0
"208","BOEHCA","2","louvain",TRUE,0.0806491217481688,3,20,0
"209","BRUN01","1","louvain",TRUE,0.0806491217481688,3,20,0
"210","BUNC01","2","louvain",TRUE,0.0806491217481688,3,20,0
"211","CALACO","3","louvain",TRUE,0.0806491217481688,3,20,0
"212","CARAGU","3","louvain",TRUE,0.0806491217481688,3,20,0
"213","CARIMI","2","louvain",TRUE,0.0806491217481688,3,20,0
"214","CASEZA","1","louvain",TRUE,0.0806491217481688,3,20,0
"215","CECRAN","3","louvain",TRUE,0.0806491217481688,3,20,0
"216","CECRBU","2","louvain",TRUE,0.0806491217481688,3,20,0
"217","CECRMO","2","louvain",TRUE,0.0806491217481688,3,20,0
"218","CEDR01","3","louvain",TRUE,0.0806491217481688,3,20,0
"219","CEIBRH","3","louvain",TRUE,0.0806491217481688,3,20,0
"220","CENTRU","1","louvain",TRUE,0.0806491217481688,3,20,0
"221","CEST03","2","louvain",TRUE,0.0806491217481688,3,20,0
"222","CESTME","1","louvain",TRUE,0.0806491217481688,3,20,0
"223","CESTOC","1","louvain",TRUE,0.0806491217481688,3,20,0
"224","CHAMLI","1","louvain",TRUE,0.0806491217481688,3,20,0
"225","CHAMPI","2","louvain",TRUE,0.0806491217481688,3,20,0
"226","CHRY01","1","louvain",TRUE,0.0806491217481688,3,20,0
"227","CLAVLA","1","louvain",TRUE,0.0806491217481688,3,20,0
"228","CLUS01","3","louvain",TRUE,0.0806491217481688,3,20,0
"229","CONOAP","1","louvain",TRUE,0.0806491217481688,3,20,0
"230","CORDCM","1","louvain",TRUE,0.0806491217481688,3,20,0
"231","CORDCY","2","louvain",TRUE,0.0806491217481688,3,20,0
"232","COUEPL","3","louvain",TRUE,0.0806491217481688,3,20,0
"233","CRITOC","1","louvain",TRUE,0.0806491217481688,3,20,0
"234","CUPA01","3","louvain",TRUE,0.0806491217481688,3,20,0
"235","CYAT05","1","louvain",TRUE,0.0806491217481688,3,20,0
"236","CYATCA","3","louvain",TRUE,0.0806491217481688,3,20,0
"237","CYATHA","1","louvain",TRUE,0.0806491217481688,3,20,0
"238","CYATPL","3","louvain",TRUE,0.0806491217481688,3,20,0
"239","CYATUL","3","louvain",TRUE,0.0806491217481688,3,20,0
"240","CYBISP","3","louvain",TRUE,0.0806491217481688,3,20,0
"241","CYPHHA","2","louvain",TRUE,0.0806491217481688,3,20,0
"242","DAPHAN","2","louvain",TRUE,0.0806491217481688,3,20,0
"243","DICKSE","3","louvain",TRUE,0.0806491217481688,3,20,0
"244","DUSSLE","3","louvain",TRUE,0.0806491217481688,3,20,0
"245","ELAEUT","3","louvain",TRUE,0.0806491217481688,3,20,0
"246","ERYT01","1","louvain",TRUE,0.0806491217481688,3,20,0
"247","ESCHCA","3","louvain",TRUE,0.0806491217481688,3,20,0
"248","EUGE02","3","louvain",TRUE,0.0806491217481688,3,20,0
"249","EUGEAN","1","louvain",TRUE,0.0806491217481688,3,20,0
"250","FARA04","3","louvain",TRUE,0.0806491217481688,3,20,0
"251","FARA05","3","louvain",TRUE,0.0806491217481688,3,20,0
"252","FARACA","3","louvain",TRUE,0.0806491217481688,3,20,0
"253","FARACO","3","louvain",TRUE,0.0806491217481688,3,20,0
"254","FARAOB","2","louvain",TRUE,0.0806491217481688,3,20,0
"255","FICU01","3","louvain",TRUE,0.0806491217481688,3,20,0
"256","FICU05","1","louvain",TRUE,0.0806491217481688,3,20,0
"257","FICUAN","3","louvain",TRUE,0.0806491217481688,3,20,0
"258","FICUAP","2","louvain",TRUE,0.0806491217481688,3,20,0
"259","FICUCA","3","louvain",TRUE,0.0806491217481688,3,20,0
"260","FICUCE","1","louvain",TRUE,0.0806491217481688,3,20,0
"261","FICUCU","1","louvain",TRUE,0.0806491217481688,3,20,0
"262","FICUSU","3","louvain",TRUE,0.0806491217481688,3,20,0
"263","FICUTO","1","louvain",TRUE,0.0806491217481688,3,20,0
"264","FUCHMA","2","louvain",TRUE,0.0806491217481688,3,20,0
"265","GEISBO","1","louvain",TRUE,0.0806491217481688,3,20,0
"266","GEISOC","3","louvain",TRUE,0.0806491217481688,3,20,0
"267","GEONUN","3","louvain",TRUE,0.0806491217481688,3,20,0
"268","GRAFCU","2","louvain",TRUE,0.0806491217481688,3,20,0
"269","GUARGL","2","louvain",TRUE,0.0806491217481688,3,20,0
"270","GUATCH","3","louvain",TRUE,0.0806491217481688,3,20,0
"271","GYMNGE","2","louvain",TRUE,0.0806491217481688,3,20,0
"272","HENRRA","3","louvain",TRUE,0.0806491217481688,3,20,0
"273","HYEROB","3","louvain",TRUE,0.0806491217481688,3,20,0
"274","ILEXYU","3","louvain",TRUE,0.0806491217481688,3,20,0
"275","INDE17","3","louvain",TRUE,0.0806491217481688,3,20,0
"276","INGA01","2","louvain",TRUE,0.0806491217481688,3,20,0
"277","INGA04","1","louvain",TRUE,0.0806491217481688,3,20,0
"278","INGARU","3","louvain",TRUE,0.0806491217481688,3,20,0
"279","INGAVI","3","louvain",TRUE,0.0806491217481688,3,20,0
"280","LADEMA","3","louvain",TRUE,0.0806491217481688,3,20,0
"281","LAETPR","1","louvain",TRUE,0.0806491217481688,3,20,0
"282","LEAN01","2","louvain",TRUE,0.0806491217481688,3,20,0
"283","LICAVE","3","louvain",TRUE,0.0806491217481688,3,20,0
"284","LOZAMU","1","louvain",TRUE,0.0806491217481688,3,20,0
"285","MACRCO","3","louvain",TRUE,0.0806491217481688,3,20,0
"286","MATA01","1","louvain",TRUE,0.0806491217481688,3,20,0
"287","MATIBO","2","louvain",TRUE,0.0806491217481688,3,20,0
"288","MELI01","3","louvain",TRUE,0.0806491217481688,3,20,0
"289","MELI02","1","louvain",TRUE,0.0806491217481688,3,20,0
"290","MERI01","3","louvain",TRUE,0.0806491217481688,3,20,0
"291","MERIHE","1","louvain",TRUE,0.0806491217481688,3,20,0
"292","MERIMA","1","louvain",TRUE,0.0806491217481688,3,20,0
"293","MERITO","2","louvain",TRUE,0.0806491217481688,3,20,0
"294","MICO05","3","louvain",TRUE,0.0806491217481688,3,20,0
"295","MICO08","3","louvain",TRUE,0.0806491217481688,3,20,0
"296","MICO10","1","louvain",TRUE,0.0806491217481688,3,20,0
"297","MICOAF","2","louvain",TRUE,0.0806491217481688,3,20,0
"298","MICOBE","2","louvain",TRUE,0.0806491217481688,3,20,0
"299","MICOLA","3","louvain",TRUE,0.0806491217481688,3,20,0
"300","MICOLN","2","louvain",TRUE,0.0806491217481688,3,20,0
"301","MICOLO","3","louvain",TRUE,0.0806491217481688,3,20,0
"302","MICOMI","2","louvain",TRUE,0.0806491217481688,3,20,0
"303","MICOTH","2","louvain",TRUE,0.0806491217481688,3,20,0
"304","MORUIN","1","louvain",TRUE,0.0806491217481688,3,20,0
"305","MYRC03","3","louvain",TRUE,0.0806491217481688,3,20,0
"306","MYRCFA","3","louvain",TRUE,0.0806491217481688,3,20,0
"307","MYRCMO","3","louvain",TRUE,0.0806491217481688,3,20,0
"308","MYRCMU","3","louvain",TRUE,0.0806491217481688,3,20,0
"309","MYRCRO","1","louvain",TRUE,0.0806491217481688,3,20,0
"310","NAUCNA","3","louvain",TRUE,0.0806491217481688,3,20,0
"311","NECT01","3","louvain",TRUE,0.0806491217481688,3,20,0
"312","NECTLI","3","louvain",TRUE,0.0806491217481688,3,20,0
"313","OCOT02","3","louvain",TRUE,0.0806491217481688,3,20,0
"314","OCOT03","1","louvain",TRUE,0.0806491217481688,3,20,0
"315","OCOT04","3","louvain",TRUE,0.0806491217481688,3,20,0
"316","OCOT05","1","louvain",TRUE,0.0806491217481688,3,20,0
"317","OCOT07","3","louvain",TRUE,0.0806491217481688,3,20,0
"318","OCOTCA","3","louvain",TRUE,0.0806491217481688,3,20,0
"319","OCOTFL","3","louvain",TRUE,0.0806491217481688,3,20,0
"320","OCOTHI","1","louvain",TRUE,0.0806491217481688,3,20,0
"321","OREO01","3","louvain",TRUE,0.0806491217481688,3,20,0
"322","OREOCO","3","louvain",TRUE,0.0806491217481688,3,20,0
"323","OSSA02","1","louvain",TRUE,0.0806491217481688,3,20,0
"324","OSSA03","1","louvain",TRUE,0.0806491217481688,3,20,0
"325","OTOBLE","3","louvain",TRUE,0.0806491217481688,3,20,0
"326","PACHPA","1","louvain",TRUE,0.0806491217481688,3,20,0
"327","PALI01","1","louvain",TRUE,0.0806491217481688,3,20,0
"328","PALI04","3","louvain",TRUE,0.0806491217481688,3,20,0
"329","PALIDE","1","louvain",TRUE,0.0806491217481688,3,20,0
"330","PALIGA","1","louvain",TRUE,0.0806491217481688,3,20,0
"331","PALIGI","2","louvain",TRUE,0.0806491217481688,3,20,0
"332","PALIPI","3","louvain",TRUE,0.0806491217481688,3,20,0
"333","PALIST","3","louvain",TRUE,0.0806491217481688,3,20,0
"334","PALITA","1","louvain",TRUE,0.0806491217481688,3,20,0
"335","PALSTI","2","louvain",TRUE,0.0806491217481688,3,20,0
"336","PANOSU","3","louvain",TRUE,0.0806491217481688,3,20,0
"337","PASS01","1","louvain",TRUE,0.0806491217481688,3,20,0
"338","PIPE01","3","louvain",TRUE,0.0806491217481688,3,20,0
"339","PIPE04","1","louvain",TRUE,0.0806491217481688,3,20,0
"340","PIPEIM","1","louvain",TRUE,0.0806491217481688,3,20,0
"341","PIPELO","3","louvain",TRUE,0.0806491217481688,3,20,0
"342","PLEU01","3","louvain",TRUE,0.0806491217481688,3,20,0
"343","POURBI","3","louvain",TRUE,0.0806491217481688,3,20,0
"344","POUT01","3","louvain",TRUE,0.0806491217481688,3,20,0
"345","PRESAC","3","louvain",TRUE,0.0806491217481688,3,20,0
"346","PRUNRE","3","louvain",TRUE,0.0806491217481688,3,20,0
"347","PSOQCO","3","louvain",TRUE,0.0806491217481688,3,20,0
"348","PSYC01","1","louvain",TRUE,0.0806491217481688,3,20,0
"349","PSYCAL","1","louvain",TRUE,0.0806491217481688,3,20,0
"350","PSYCAU","2","louvain",TRUE,0.0806491217481688,3,20,0
"351","PSYCRU","2","louvain",TRUE,0.0806491217481688,3,20,0
"352","PSYCSA","1","louvain",TRUE,0.0806491217481688,3,20,0
"353","PSYCSL","1","louvain",TRUE,0.0806491217481688,3,20,0
"354","PSYDOO","1","louvain",TRUE,0.0806491217481688,3,20,0
"355","RHOD02","3","louvain",TRUE,0.0806491217481688,3,20,0
"356","RONDRE","1","louvain",TRUE,0.0806491217481688,3,20,0
"357","RUAGGL","1","louvain",TRUE,0.0806491217481688,3,20,0
"358","SALAGI","3","louvain",TRUE,0.0806491217481688,3,20,0
"359","SAPILA","2","louvain",TRUE,0.0806491217481688,3,20,0
"360","SAPIST","3","louvain",TRUE,0.0806491217481688,3,20,0
"361","SAURMI","3","louvain",TRUE,0.0806491217481688,3,20,0
"362","SAURPA","3","louvain",TRUE,0.0806491217481688,3,20,0
"363","SCHE02","2","louvain",TRUE,0.0806491217481688,3,20,0
"364","SCHELA","1","louvain",TRUE,0.0806491217481688,3,20,0
"365","SCHESP","1","louvain",TRUE,0.0806491217481688,3,20,0
"366","SIPA02","2","louvain",TRUE,0.0806491217481688,3,20,0
"367","SIPASU","3","louvain",TRUE,0.0806491217481688,3,20,0
"368","SLOA01","3","louvain",TRUE,0.0806491217481688,3,20,0
"369","SOLADE","2","louvain",TRUE,0.0806491217481688,3,20,0
"370","SOLALE","1","louvain",TRUE,0.0806491217481688,3,20,0
"371","SOLANU","2","louvain",TRUE,0.0806491217481688,3,20,0
"372","STEPAN","3","louvain",TRUE,0.0806491217481688,3,20,0
"373","STIRGU","3","louvain",TRUE,0.0806491217481688,3,20,0
"374","SYMPHI","3","louvain",TRUE,0.0806491217481688,3,20,0
"375","TABEPA","2","louvain",TRUE,0.0806491217481688,3,20,0
"376","TETRMA","1","louvain",TRUE,0.0806491217481688,3,20,0
"377","TOPOPI","2","louvain",TRUE,0.0806491217481688,3,20,0
"378","TOURGI","1","louvain",TRUE,0.0806491217481688,3,20,0
"379","TRIC01","3","louvain",TRUE,0.0806491217481688,3,20,0
"380","TURPOC","1","louvain",TRUE,0.0806491217481688,3,20,0
"381","UNIDEN","2","louvain",TRUE,0.0806491217481688,3,20,0
"382","VISM01","3","louvain",TRUE,0.0806491217481688,3,20,0
"383","WEIN01","3","louvain",TRUE,0.0806491217481688,3,20,0
"384","WETTKA","3","louvain",TRUE,0.0806491217481688,3,20,0
"385","XANT01","1","louvain",TRUE,0.0806491217481688,3,20,0
"386","ACAL01","1","louvain",TRUE,0.0673422361403953,3,30,0
"387","ACALDI","1","louvain",TRUE,0.0673422361403953,3,30,0
"388","ACALPL","1","louvain",TRUE,0.0673422361403953,3,30,0
"389","AEGINO","2","louvain",TRUE,0.0673422361403953,3,30,0
"390","AIPHER","2","louvain",TRUE,0.0673422361403953,3,30,0
"391","ALCH01","2","louvain",TRUE,0.0673422361403953,3,30,0
"392","ALCHCO","3","louvain",TRUE,0.0673422361403953,3,30,0
"393","ALCHTR","2","louvain",TRUE,0.0673422361403953,3,30,0
"394","ALLOEX","2","louvain",TRUE,0.0673422361403953,3,30,0
"395","ALLOSC","3","louvain",TRUE,0.0673422361403953,3,30,0
"396","ALSOEN","3","louvain",TRUE,0.0673422361403953,3,30,0
"397","ALSOER","1","louvain",TRUE,0.0673422361403953,3,30,0
"398","ANIB03","2","louvain",TRUE,0.0673422361403953,3,30,0
"399","ANIBME","2","louvain",TRUE,0.0673422361403953,3,30,0
"400","ANIBPA","2","louvain",TRUE,0.0673422361403953,3,30,0
"401","ANIBPU","2","louvain",TRUE,0.0673422361403953,3,30,0
"402","AXINSO","2","louvain",TRUE,0.0673422361403953,3,30,0
"403","BANAGU","3","louvain",TRUE,0.0673422361403953,3,30,0
"404","BATHOB","2","louvain",TRUE,0.0673422361403953,3,30,0
"405","BEILAL","2","louvain",TRUE,0.0673422361403953,3,30,0
"406","BESL01","1","louvain",TRUE,0.0673422361403953,3,30,0
"407","BESLSO","2","louvain",TRUE,0.0673422361403953,3,30,0
"408","BILLRO","2","louvain",TRUE,0.0673422361403953,3,30,0
"409","BLAK01","2","louvain",TRUE,0.0673422361403953,3,30,0
"410","BLAKER","2","louvain",TRUE,0.0673422361403953,3,30,0
"411","BOEHCA","3","louvain",TRUE,0.0673422361403953,3,30,0
"412","BRUN01","1","louvain",TRUE,0.0673422361403953,3,30,0
"413","BUNC01","1","louvain",TRUE,0.0673422361403953,3,30,0
"414","CALACO","2","louvain",TRUE,0.0673422361403953,3,30,0
"415","CARAGU","2","louvain",TRUE,0.0673422361403953,3,30,0
"416","CARIMI","3","louvain",TRUE,0.0673422361403953,3,30,0
"417","CASEZA","1","louvain",TRUE,0.0673422361403953,3,30,0
"418","CECRAN","2","louvain",TRUE,0.0673422361403953,3,30,0
"419","CECRBU","1","louvain",TRUE,0.0673422361403953,3,30,0
"420","CECRMO","3","louvain",TRUE,0.0673422361403953,3,30,0
"421","CEDR01","2","louvain",TRUE,0.0673422361403953,3,30,0
"422","CEIBRH","2","louvain",TRUE,0.0673422361403953,3,30,0
"423","CENTRU","1","louvain",TRUE,0.0673422361403953,3,30,0
"424","CEST03","3","louvain",TRUE,0.0673422361403953,3,30,0
"425","CESTME","1","louvain",TRUE,0.0673422361403953,3,30,0
"426","CESTOC","1","louvain",TRUE,0.0673422361403953,3,30,0
"427","CHAMLI","1","louvain",TRUE,0.0673422361403953,3,30,0
"428","CHAMPI","3","louvain",TRUE,0.0673422361403953,3,30,0
"429","CHRY01","1","louvain",TRUE,0.0673422361403953,3,30,0
"430","CLAVLA","1","louvain",TRUE,0.0673422361403953,3,30,0
"431","CLUS01","2","louvain",TRUE,0.0673422361403953,3,30,0
"432","CONOAP","1","louvain",TRUE,0.0673422361403953,3,30,0
"433","CORDCM","1","louvain",TRUE,0.0673422361403953,3,30,0
"434","CORDCY","3","louvain",TRUE,0.0673422361403953,3,30,0
"435","COUEPL","2","louvain",TRUE,0.0673422361403953,3,30,0
"436","CRITOC","1","louvain",TRUE,0.0673422361403953,3,30,0
"437","CUPA01","2","louvain",TRUE,0.0673422361403953,3,30,0
"438","CYAT05","1","louvain",TRUE,0.0673422361403953,3,30,0
"439","CYATCA","2","louvain",TRUE,0.0673422361403953,3,30,0
"440","CYATHA","1","louvain",TRUE,0.0673422361403953,3,30,0
"441","CYATPL","3","louvain",TRUE,0.0673422361403953,3,30,0
"442","CYATUL","2","louvain",TRUE,0.0673422361403953,3,30,0
"443","CYBISP","2","louvain",TRUE,0.0673422361403953,3,30,0
"444","CYPHHA","3","louvain",TRUE,0.0673422361403953,3,30,0
"445","DAPHAN","2","louvain",TRUE,0.0673422361403953,3,30,0
"446","DENDCH","3","louvain",TRUE,0.0673422361403953,3,30,0
"447","DENDMA","3","louvain",TRUE,0.0673422361403953,3,30,0
"448","DICKSE","2","louvain",TRUE,0.0673422361403953,3,30,0
"449","DUSSLE","3","louvain",TRUE,0.0673422361403953,3,30,0
"450","ELAEUT","3","louvain",TRUE,0.0673422361403953,3,30,0
"451","ERYT01","1","louvain",TRUE,0.0673422361403953,3,30,0
"452","ESCHCA","2","louvain",TRUE,0.0673422361403953,3,30,0
"453","EUGE02","2","louvain",TRUE,0.0673422361403953,3,30,0
"454","EUGEAN","1","louvain",TRUE,0.0673422361403953,3,30,0
"455","FARA04","2","louvain",TRUE,0.0673422361403953,3,30,0
"456","FARA05","2","louvain",TRUE,0.0673422361403953,3,30,0
"457","FARACA","2","louvain",TRUE,0.0673422361403953,3,30,0
"458","FARACO","2","louvain",TRUE,0.0673422361403953,3,30,0
"459","FARAOB","3","louvain",TRUE,0.0673422361403953,3,30,0
"460","FICU01","1","louvain",TRUE,0.0673422361403953,3,30,0
"461","FICU05","1","louvain",TRUE,0.0673422361403953,3,30,0
"462","FICUAN","2","louvain",TRUE,0.0673422361403953,3,30,0
"463","FICUAP","3","louvain",TRUE,0.0673422361403953,3,30,0
"464","FICUCA","1","louvain",TRUE,0.0673422361403953,3,30,0
"465","FICUCE","1","louvain",TRUE,0.0673422361403953,3,30,0
"466","FICUCU","1","louvain",TRUE,0.0673422361403953,3,30,0
"467","FICUSU","2","louvain",TRUE,0.0673422361403953,3,30,0
"468","FICUTO","1","louvain",TRUE,0.0673422361403953,3,30,0
"469","FUCHMA","3","louvain",TRUE,0.0673422361403953,3,30,0
"470","GEISBO","1","louvain",TRUE,0.0673422361403953,3,30,0
"471","GEISOC","2","louvain",TRUE,0.0673422361403953,3,30,0
"472","GEONUN","2","louvain",TRUE,0.0673422361403953,3,30,0
"473","GRAFCU","3","louvain",TRUE,0.0673422361403953,3,30,0
"474","GUARGL","3","louvain",TRUE,0.0673422361403953,3,30,0
"475","GUATCH","2","louvain",TRUE,0.0673422361403953,3,30,0
"476","GYMNGE","1","louvain",TRUE,0.0673422361403953,3,30,0
"477","HENRRA","2","louvain",TRUE,0.0673422361403953,3,30,0
"478","HYEROB","2","louvain",TRUE,0.0673422361403953,3,30,0
"479","ILEXYU","2","louvain",TRUE,0.0673422361403953,3,30,0
"480","INDE17","1","louvain",TRUE,0.0673422361403953,3,30,0
"481","INGA01","1","louvain",TRUE,0.0673422361403953,3,30,0
"482","INGA04","3","louvain",TRUE,0.0673422361403953,3,30,0
"483","INGAMU","3","louvain",TRUE,0.0673422361403953,3,30,0
"484","INGARU","2","louvain",TRUE,0.0673422361403953,3,30,0
"485","INGAVI","2","louvain",TRUE,0.0673422361403953,3,30,0
"486","LADEMA","2","louvain",TRUE,0.0673422361403953,3,30,0
"487","LAETPR","1","louvain",TRUE,0.0673422361403953,3,30,0
"488","LEAN01","3","louvain",TRUE,0.0673422361403953,3,30,0
"489","LICAVE","2","louvain",TRUE,0.0673422361403953,3,30,0
"490","LOZAMU","1","louvain",TRUE,0.0673422361403953,3,30,0
"491","MACRCO","2","louvain",TRUE,0.0673422361403953,3,30,0
"492","MARKPI","1","louvain",TRUE,0.0673422361403953,3,30,0
"493","MATA01","1","louvain",TRUE,0.0673422361403953,3,30,0
"494","MATIBO","3","louvain",TRUE,0.0673422361403953,3,30,0
"495","MELI01","2","louvain",TRUE,0.0673422361403953,3,30,0
"496","MELI02","1","louvain",TRUE,0.0673422361403953,3,30,0
"497","MERI01","2","louvain",TRUE,0.0673422361403953,3,30,0
"498","MERIHE","1","louvain",TRUE,0.0673422361403953,3,30,0
"499","MERIMA","1","louvain",TRUE,0.0673422361403953,3,30,0
"500","MERITO","3","louvain",TRUE,0.0673422361403953,3,30,0
"501","MICO05","2","louvain",TRUE,0.0673422361403953,3,30,0
"502","MICO08","2","louvain",TRUE,0.0673422361403953,3,30,0
"503","MICO10","1","louvain",TRUE,0.0673422361403953,3,30,0
"504","MICOAF","3","louvain",TRUE,0.0673422361403953,3,30,0
"505","MICOBE","3","louvain",TRUE,0.0673422361403953,3,30,0
"506","MICOLA","2","louvain",TRUE,0.0673422361403953,3,30,0
"507","MICOLN","3","louvain",TRUE,0.0673422361403953,3,30,0
"508","MICOLO","2","louvain",TRUE,0.0673422361403953,3,30,0
"509","MICOMI","1","louvain",TRUE,0.0673422361403953,3,30,0
"510","MICOTH","3","louvain",TRUE,0.0673422361403953,3,30,0
"511","MORUIN","1","louvain",TRUE,0.0673422361403953,3,30,0
"512","MYRC03","2","louvain",TRUE,0.0673422361403953,3,30,0
"513","MYRCFA","2","louvain",TRUE,0.0673422361403953,3,30,0
"514","MYRCMO","2","louvain",TRUE,0.0673422361403953,3,30,0
"515","MYRCMU","2","louvain",TRUE,0.0673422361403953,3,30,0
"516","MYRCRO","3","louvain",TRUE,0.0673422361403953,3,30,0
"517","NAUCNA","3","louvain",TRUE,0.0673422361403953,3,30,0
"518","NECT01","2","louvain",TRUE,0.0673422361403953,3,30,0
"519","NECTLI","2","louvain",TRUE,0.0673422361403953,3,30,0
"520","OCOT02","2","louvain",TRUE,0.0673422361403953,3,30,0
"521","OCOT03","1","louvain",TRUE,0.0673422361403953,3,30,0
"522","OCOT04","2","louvain",TRUE,0.0673422361403953,3,30,0
"523","OCOT05","1","louvain",TRUE,0.0673422361403953,3,30,0
"524","OCOT07","2","louvain",TRUE,0.0673422361403953,3,30,0
"525","OCOTCA","3","louvain",TRUE,0.0673422361403953,3,30,0
"526","OCOTFL","2","louvain",TRUE,0.0673422361403953,3,30,0
"527","OCOTHI","1","louvain",TRUE,0.0673422361403953,3,30,0
"528","OREO01","1","louvain",TRUE,0.0673422361403953,3,30,0
"529","OREOCO","2","louvain",TRUE,0.0673422361403953,3,30,0
"530","OSSA02","1","louvain",TRUE,0.0673422361403953,3,30,0
"531","OSSA03","1","louvain",TRUE,0.0673422361403953,3,30,0
"532","OTOBLE","2","louvain",TRUE,0.0673422361403953,3,30,0
"533","PACHPA","1","louvain",TRUE,0.0673422361403953,3,30,0
"534","PALI01","1","louvain",TRUE,0.0673422361403953,3,30,0
"535","PALI04","2","louvain",TRUE,0.0673422361403953,3,30,0
"536","PALIDE","1","louvain",TRUE,0.0673422361403953,3,30,0
"537","PALIGA","1","louvain",TRUE,0.0673422361403953,3,30,0
"538","PALIGI","3","louvain",TRUE,0.0673422361403953,3,30,0
"539","PALIPI","3","louvain",TRUE,0.0673422361403953,3,30,0
"540","PALIST","2","louvain",TRUE,0.0673422361403953,3,30,0
"541","PALITA","1","louvain",TRUE,0.0673422361403953,3,30,0
"542","PALSTI","3","louvain",TRUE,0.0673422361403953,3,30,0
"543","PANOSU","2","louvain",TRUE,0.0673422361403953,3,30,0
"544","PASS01","1","louvain",TRUE,0.0673422361403953,3,30,0
"545","PIPE01","2","louvain",TRUE,0.0673422361403953,3,30,0
"546","PIPE04","1","louvain",TRUE,0.0673422361403953,3,30,0
"547","PIPEIM","1","louvain",TRUE,0.0673422361403953,3,30,0
"548","PIPELO","3","louvain",TRUE,0.0673422361403953,3,30,0
"549","PLEU01","2","louvain",TRUE,0.0673422361403953,3,30,0
"550","PODA01","3","louvain",TRUE,0.0673422361403953,3,30,0
"551","POURBI","2","louvain",TRUE,0.0673422361403953,3,30,0
"552","POUT01","2","louvain",TRUE,0.0673422361403953,3,30,0
"553","PRESAC","2","louvain",TRUE,0.0673422361403953,3,30,0
"554","PRUNRE","2","louvain",TRUE,0.0673422361403953,3,30,0
"555","PSOQCO","2","louvain",TRUE,0.0673422361403953,3,30,0
"556","PSYC01","1","louvain",TRUE,0.0673422361403953,3,30,0
"557","PSYCAL","1","louvain",TRUE,0.0673422361403953,3,30,0
"558","PSYCAU","3","louvain",TRUE,0.0673422361403953,3,30,0
"559","PSYCRU","3","louvain",TRUE,0.0673422361403953,3,30,0
"560","PSYCSA","1","louvain",TRUE,0.0673422361403953,3,30,0
"561","PSYCSL","1","louvain",TRUE,0.0673422361403953,3,30,0
"562","PSYDOO","1","louvain",TRUE,0.0673422361403953,3,30,0
"563","RHOD02","2","louvain",TRUE,0.0673422361403953,3,30,0
"564","RONDRE","1","louvain",TRUE,0.0673422361403953,3,30,0
"565","RUAGGL","1","louvain",TRUE,0.0673422361403953,3,30,0
"566","SALAGI","1","louvain",TRUE,0.0673422361403953,3,30,0
"567","SAPILA","1","louvain",TRUE,0.0673422361403953,3,30,0
"568","SAPIST","2","louvain",TRUE,0.0673422361403953,3,30,0
"569","SAURMI","1","louvain",TRUE,0.0673422361403953,3,30,0
"570","SAURPA","2","louvain",TRUE,0.0673422361403953,3,30,0
"571","SCHE02","3","louvain",TRUE,0.0673422361403953,3,30,0
"572","SCHELA","1","louvain",TRUE,0.0673422361403953,3,30,0
"573","SCHESP","1","louvain",TRUE,0.0673422361403953,3,30,0
"574","SIPA02","2","louvain",TRUE,0.0673422361403953,3,30,0
"575","SIPASU","2","louvain",TRUE,0.0673422361403953,3,30,0
"576","SLOA01","2","louvain",TRUE,0.0673422361403953,3,30,0
"577","SOLADE","2","louvain",TRUE,0.0673422361403953,3,30,0
"578","SOLALE","1","louvain",TRUE,0.0673422361403953,3,30,0
"579","SOLANU","3","louvain",TRUE,0.0673422361403953,3,30,0
"580","STEPAN","2","louvain",TRUE,0.0673422361403953,3,30,0
"581","STIRGU","2","louvain",TRUE,0.0673422361403953,3,30,0
"582","SYMPHI","2","louvain",TRUE,0.0673422361403953,3,30,0
"583","TABEPA","3","louvain",TRUE,0.0673422361403953,3,30,0
"584","TETRMA","1","louvain",TRUE,0.0673422361403953,3,30,0
"585","TOPOPI","3","louvain",TRUE,0.0673422361403953,3,30,0
"586","TOURGI","1","louvain",TRUE,0.0673422361403953,3,30,0
"587","TRIC01","2","louvain",TRUE,0.0673422361403953,3,30,0
"588","TURPOC","3","louvain",TRUE,0.0673422361403953,3,30,0
"589","UNIDEN","3","louvain",TRUE,0.0673422361403953,3,30,0
"590","VISM01","2","louvain",TRUE,0.0673422361403953,3,30,0
"591","WEIN01","2","louvain",TRUE,0.0673422361403953,3,30,0
"592","WETTKA","2","louvain",TRUE,0.0673422361403953,3,30,0
"593","XANT01","1","louvain",TRUE,0.0673422361403953,3,30,0
